insert into user_entity (id, login, password, private_key, public_key, address)
    values
        (1, 's1ckret', '1',
        '303e020100301006072a8648ce3d020106052b8104000a042730250201010420bbe8feee370cb315d1541b2a721e39e7ddfee81e29fcb4585c919f518dfb5b16',
        '3056301006072a8648ce3d020106052b8104000a03420004d069446b811b97d1a355e8ba59bf044e64b990adaea6f7d3ff1e20214b0f3063a689d7223c7adcb2dc2e138c678267b6b0f13e1dab99bf9db12346c4886e0264',
        'ff0a1ae640a87d48baf91011db16d2e70ae628c2'),
        (2, 'tanos', '2',
        '303e020100301006072a8648ce3d020106052b8104000a042730250201010420d943a1ea695696510d1c7e7f6076b1f0e2b65c84bc61407f0be301db7119cdf0',
        '3056301006072a8648ce3d020106052b8104000a03420004a2cf472c8f512ecf240f4a5cb21ed4e201422ebbc6200a3fb2d4ef3917c9a0ed62bb0c043c1e38e4335e1caf69f082b8f7b82244a9d6d53b3c596b5efe4ac3bb',
        '7960d74d75b70095301a102ec83e63312589e885'),
        (3, 'Anrew', '3',
        '303e020100301006072a8648ce3d020106052b8104000a042730250201010420363a7180ce56804a7a7ddd418e21e21c66eb0a2d6176354cad1206dac7c0bfc4',
        '3056301006072a8648ce3d020106052b8104000a034200043b54cd6865db629ef4b326186c0941058fad192e43d2a5eee6fd8b51694a491bf722a8412fe37f3bead93bd2efb921231911bda88f3608652d3d4533ea2f1562',
        '6257e4c53f4435cec476dfcb4b090d7784eb45e3'),
        (4, 'Levy', '4',
        '303e020100301006072a8648ce3d020106052b8104000a0427302502010104207a7e1256647075a2f2490b6f1db52ae0e08be5a27630d9a1768fd24c0871037a',
        '3056301006072a8648ce3d020106052b8104000a03420004d1f5ee78eec53e6af2acbddb771e5fb37a92188b66d4c2f9cbf4633bb42ba03ce45698f995dd4cb31497400eb8021372d9e0b7e269ad21c91e0b811b06aa53ac',
        'fe736889711940fb99ba5df8b92ed85b1eeb49d5');

insert into interlocutor (id, nickname, address, public_key, user_id)
    values
        (1, 'Tanos', '7960d74d75b70095301a102ec83e63312589e885', '3056301006072a8648ce3d020106052b8104000a03420004a2cf472c8f512ecf240f4a5cb21ed4e201422ebbc6200a3fb2d4ef3917c9a0ed62bb0c043c1e38e4335e1caf69f082b8f7b82244a9d6d53b3c596b5efe4ac3bb', 1),
        (2, 'Anrew', '6257e4c53f4435cec476dfcb4b090d7784eb45e3', '3056301006072a8648ce3d020106052b8104000a034200043b54cd6865db629ef4b326186c0941058fad192e43d2a5eee6fd8b51694a491bf722a8412fe37f3bead93bd2efb921231911bda88f3608652d3d4533ea2f1562', 1),
        (3, 'Levy', 'fe736889711940fb99ba5df8b92ed85b1eeb49d5', '3056301006072a8648ce3d020106052b8104000a03420004d1f5ee78eec53e6af2acbddb771e5fb37a92188b66d4c2f9cbf4633bb42ba03ce45698f995dd4cb31497400eb8021372d9e0b7e269ad21c91e0b811b06aa53ac', 1),
        (4, 's1ckret', 'ff0a1ae640a87d48baf91011db16d2e70ae628c2', '3056301006072a8648ce3d020106052b8104000a03420004d069446b811b97d1a355e8ba59bf044e64b990adaea6f7d3ff1e20214b0f3063a689d7223c7adcb2dc2e138c678267b6b0f13e1dab99bf9db12346c4886e0264', 1),
        (5, 'Tanos', '7960d74d75b70095301a102ec83e63312589e885', '3056301006072a8648ce3d020106052b8104000a03420004a2cf472c8f512ecf240f4a5cb21ed4e201422ebbc6200a3fb2d4ef3917c9a0ed62bb0c043c1e38e4335e1caf69f082b8f7b82244a9d6d53b3c596b5efe4ac3bb', 2),
        (6, 'Anrew', '6257e4c53f4435cec476dfcb4b090d7784eb45e3', '3056301006072a8648ce3d020106052b8104000a034200043b54cd6865db629ef4b326186c0941058fad192e43d2a5eee6fd8b51694a491bf722a8412fe37f3bead93bd2efb921231911bda88f3608652d3d4533ea2f1562', 2),
        (7, 'Levy', 'fe736889711940fb99ba5df8b92ed85b1eeb49d5', '3056301006072a8648ce3d020106052b8104000a03420004d1f5ee78eec53e6af2acbddb771e5fb37a92188b66d4c2f9cbf4633bb42ba03ce45698f995dd4cb31497400eb8021372d9e0b7e269ad21c91e0b811b06aa53ac', 2),
        (8, 's1ckret', 'ff0a1ae640a87d48baf91011db16d2e70ae628c2', '3056301006072a8648ce3d020106052b8104000a03420004d069446b811b97d1a355e8ba59bf044e64b990adaea6f7d3ff1e20214b0f3063a689d7223c7adcb2dc2e138c678267b6b0f13e1dab99bf9db12346c4886e0264', 2);

insert into envelope (id, address_from, address_to, interlocutor_id)
    values
        (1, 'ff0a1ae640a87d48baf91011db16d2e70ae628c2', '7960d74d75b70095301a102ec83e63312589e885', 1),
        (2, '7960d74d75b70095301a102ec83e63312589e885', 'ff0a1ae640a87d48baf91011db16d2e70ae628c2', 1),
        (3, 'ff0a1ae640a87d48baf91011db16d2e70ae628c2', '7960d74d75b70095301a102ec83e63312589e885', 1),
        (4, '7960d74d75b70095301a102ec83e63312589e885', 'ff0a1ae640a87d48baf91011db16d2e70ae628c2', 1),

        (5, 'ff0a1ae640a87d48baf91011db16d2e70ae628c2', '6257e4c53f4435cec476dfcb4b090d7784eb45e3', 2),
        (6, '6257e4c53f4435cec476dfcb4b090d7784eb45e3', 'ff0a1ae640a87d48baf91011db16d2e70ae628c2', 2),

        (7, 'ff0a1ae640a87d48baf91011db16d2e70ae628c2', 'fe736889711940fb99ba5df8b92ed85b1eeb49d5', 3),
        (8, 'fe736889711940fb99ba5df8b92ed85b1eeb49d5', 'ff0a1ae640a87d48baf91011db16d2e70ae628c2', 3),
        (9, 'ff0a1ae640a87d48baf91011db16d2e70ae628c2', 'fe736889711940fb99ba5df8b92ed85b1eeb49d5', 3);

insert into letter (envelope_id, create_time, text)
    values
        (1, '2021-04-17 12:54:30+02:00', X'04312a95780f4866e75fb3e4e62fed24d11b12873f1d92eaabcd604fa4138e54e08b810be8cbf918e61d931d1ca35c497d8a5b03e5ffcd068e27a0891171c6273aa79eed1f39b91ca9c13965ed07f7100a2a060675f6a7a28657cc814258'),
        (2, '2021-04-17 12:55:30+02:00', X'04bda19b7c487422bc37119828cab29178b3d8b1a82617dd9c2bbb5a4f2270512d6da0945d9392b4f28f5d0f620a5217df56e303ce2e57f70dc5bdf36752ad2b5c0b69789440b80a3de37fac648106d50ba597db424b5f18d1c1467f6abdec9159'),
        (3, '2021-04-17 12:55:32+02:00', X'04ff4be0cfeb7fecf85cdd4b1519589ac549aa9c6886a6254ef5efe24d911bd7a18a5f5ad8e82faa47b2dc2da6c738f6ea14ab4fd1ac80a052f5a09f379728ec30f4e7f652adf6a1a73357a310990d078d5827573d618247a5ba0160a4e2354dbf8888'),
        (4, '2021-04-17 12:56:00+02:00', X'043707a7e98118397649ca0047eb0d58c2e7f37a9580a4f077c7bb089b3f647af4cd4306c6145bab53bb724bbcab2c010026c1bcb151a7f360c36a1a1b0606b69d739bc0f3121e07dd16b4ac8f3557c99e34e71b8ab1b6142553bdbba8c43cbb58c45f85193eae9e2391daa7214580'),

        (5, '2021-04-19 12:00:30+02:00', X'04c6c712d6c0b81a9593dac9913b0aafb06728f650908c399c54a441da6c180dd52f816b12ac0259507fcd4d353633e24ee2aaa1af1b4ae19e2b209e857bb049b08b11ea3e66741c00e20a7cf6f5e2f31650f684f8a85c'),
        (6, '2021-04-27 12:13:30+02:00', X'04f8f202daceaf3fb91a7a19718758f93d860edf7abc37dca1cd2b573b484fb4187bb9c197763bf8ae704485252a435aeed1ee737c67f13d90c8cb1d117a407d307e8df8d4a087f12288578e7fec6516c781de2f7e8f3bffcd0b1861251ac8c1f27bf5120d0309b1'),

        (7, '2021-04-21 12:55:30+02:00', X'04c90d3f0ae810b2a98ab7eec51befad9e19516812fd353f8f42df62b22e25148bc7c6f5766d87eabe2117db2238dc09309e58cc971b026172b77474934ad4d1089e4211d443d8c697dc8fa0f236115a768a764b7e83e757aee14717cc406416690051bf41b8bd'),
        (8, '2021-04-21 12:56:30+02:00', X'04991f1b93b40f754af0e08bd6464593d22c3dcd98e1b6376432bd7c5d95272a021f81ac1c98e89fce095559a037b864060e5fa4ff2c7892711d99fa5f5a3de5195ed48024b02247450e25105d1fbecccc70137470474b79f12e5a82e2d0e3d20cdad303c5a81680bf0e57'),
        (9, '2021-04-21 12:57:30+02:00', X'04140ea86916517f98b8f905b0509236f7687b143e47ad44f43c1172e5bcc03f575d0cfd52df22c93c31a98f7a889d82858d7cf21476040cfc076d9e47fc91641013c34ff0f7206c70b4c1b6785ed0cb01a6ee68c8f89e9d323c8729c9e792');
